{
    "app" : {
        "name": "Otrack Tracking Server",
        "version" : "0.0.1"
    },
    "mongo" : {
        "server" : "ds121282.mlab.com",
        "database": "ototrack",
        "username" : "kishan",
        "password" : "kishan123",
        "port" : 21282,
        "url" : "mongodb://otonomis:Ototrack123!!@18.130.52.238:27017,3.8.57.220:27017,52.56.116.255:27017/ototrack?replicaSet=ototrack-replica"
    },
    "zeromq" : {
        "url" : "tcp://localhost:5556"
    }
}